{"loss": [3.336738348007202, 1.9328845739364624, 1.1528781652450562, 0.7467069029808044, 0.5453706383705139, 0.42995962500572205, 0.36754310131073, 0.3254527747631073, 0.2994886040687561, 0.2893296182155609, 0.28252506256103516, 0.2647089958190918, 0.26698052883148193, 0.26492026448249817, 0.2664058208465576, 0.2592546045780182, 0.2564626932144165, 0.2594282329082489, 0.25938624143600464, 0.2614036500453949, 0.2585909068584442, 0.2498285323381424, 0.25242066383361816, 0.24513976275920868, 0.24973151087760925, 0.24533061683177948, 0.24773743748664856, 0.24207821488380432, 0.24085402488708496, 0.24345353245735168, 0.24207444489002228, 0.24060842394828796, 0.23018138110637665, 0.23632057011127472, 0.23221343755722046, 0.23494751751422882, 0.23563261330127716, 0.22917094826698303, 0.23236539959907532, 0.2358732670545578, 0.23610512912273407, 0.23226328194141388, 0.2365461140871048, 0.22623592615127563, 0.22901178896427155, 0.2208835333585739, 0.2305385172367096, 0.22066748142242432, 0.22445803880691528, 0.2237386703491211, 0.22016757726669312, 0.22557255625724792, 0.22450602054595947, 0.22104425728321075, 0.22174617648124695, 0.22184082865715027, 0.21873259544372559, 0.21847514808177948, 0.21845048666000366, 0.21971990168094635, 0.21763639152050018, 0.2252836376428604, 0.21736659109592438, 0.22524699568748474, 0.21934781968593597, 0.21893630921840668, 0.20652738213539124, 0.21365632116794586, 0.21509376168251038, 0.21433810889720917, 0.21813729405403137, 0.2172057330608368, 0.2127789855003357, 0.21434415876865387, 0.20943893492221832, 0.21304498612880707, 0.21424423158168793, 0.21647348999977112, 0.20994985103607178, 0.2102540284395218, 0.21494820713996887, 0.21192459762096405, 0.21629425883293152, 0.20732657611370087, 0.21158303320407867, 0.20730890333652496, 0.2097247987985611, 0.21083654463291168, 0.2088724821805954, 0.2036156803369522, 0.20919497311115265, 0.20755910873413086, 0.21063600480556488, 0.2153204381465912], "val_loss": [2.3111042976379395, 1.3945428133010864, 0.9094288945198059, 0.6058796048164368, 0.4807480573654175, 0.3976256847381592, 0.3090061843395233, 0.2975286841392517, 0.2629597783088684, 0.2964175343513489, 0.28153857588768005, 0.249758780002594, 0.2045823484659195, 0.2574256360530853, 0.2564515471458435, 0.23008714616298676, 0.2627459764480591, 0.21202483773231506, 0.2067953646183014, 0.24533872306346893, 0.23717299103736877, 0.25159916281700134, 0.2192068099975586, 0.22324520349502563, 0.21282103657722473, 0.26736220717430115, 0.23311565816402435, 0.20318344235420227, 0.20530569553375244, 0.22114799916744232, 0.2798895835876465, 0.20903684198856354, 0.2237856537103653, 0.23205608129501343, 0.21844832599163055, 0.24428211152553558, 0.19411715865135193, 0.1941167414188385, 0.22986096143722534, 0.24828681349754333, 0.1937265396118164, 0.24749436974525452, 0.23273326456546783, 0.2398896962404251, 0.21411581337451935, 0.22525256872177124, 0.22526419162750244, 0.20996718108654022, 0.1952127367258072, 0.1887601613998413, 0.26601770520210266, 0.22031281888484955, 0.19485782086849213, 0.23767030239105225, 0.20904745161533356, 0.19646982848644257, 0.19320540130138397, 0.23303809762001038, 0.22346195578575134, 0.18387171626091003, 0.22162024676799774, 0.19010436534881592, 0.1898583024740219, 0.21248504519462585, 0.18686893582344055, 0.1862100213766098, 0.19642506539821625, 0.2721281349658966, 0.1954377442598343, 0.2025299221277237, 0.1874372810125351, 0.2746601104736328, 0.23072554171085358, 0.16730055212974548, 0.18785816431045532, 0.20518814027309418, 0.1943453997373581, 0.22538486123085022, 0.19896996021270752, 0.18129028379917145, 0.2286289483308792, 0.18798156082630157, 0.20038920640945435, 0.20228466391563416, 0.2666800022125244, 0.22377373278141022, 0.20476561784744263, 0.2186281532049179, 0.18490317463874817, 0.2015797644853592, 0.20778688788414001, 0.21007683873176575, 0.2050020843744278, 0.1793268769979477]}