{"loss": [3.021169424057007, 1.534497618675232, 0.8680779933929443, 0.5533830523490906, 0.4176594316959381, 0.3468078076839447, 0.316105455160141, 0.2991376221179962, 0.28725960850715637, 0.27071526646614075, 0.2690373659133911, 0.2600553333759308, 0.26275351643562317, 0.26369035243988037, 0.25048208236694336, 0.2470758855342865, 0.2470984011888504, 0.24223271012306213, 0.2500224709510803, 0.24508307874202728, 0.2532617151737213, 0.24103356897830963, 0.23558522760868073, 0.2344811111688614, 0.2438315898180008, 0.237661212682724, 0.2317047119140625, 0.22837300598621368, 0.2339428961277008, 0.22987864911556244, 0.2266916185617447, 0.22782498598098755, 0.22203202545642853, 0.2230927050113678, 0.222465381026268, 0.2165745496749878, 0.22237466275691986, 0.2160361111164093, 0.21845969557762146, 0.21274282038211823, 0.2082875818014145, 0.21312594413757324, 0.2131696194410324, 0.21550478041172028, 0.20414325594902039, 0.20907311141490936, 0.20699478685855865, 0.21188975870609283, 0.20704376697540283, 0.20449119806289673, 0.20479795336723328, 0.20194512605667114, 0.20822273194789886, 0.19735190272331238, 0.19904133677482605, 0.1999513804912567, 0.20432238280773163, 0.20447567105293274, 0.1979096680879593, 0.1957230567932129, 0.1943078637123108, 0.19858762621879578, 0.1912747174501419, 0.19800886511802673, 0.19183780252933502, 0.19402427971363068, 0.19529201090335846, 0.1950027048587799, 0.18445946276187897, 0.1885714828968048, 0.187034472823143, 0.1915130317211151, 0.1924114227294922, 0.18866826593875885, 0.19163590669631958], "val_loss": [2.0627169609069824, 1.0690275430679321, 0.6587844491004944, 0.4892697334289551, 0.362640380859375, 0.3014785945415497, 0.3889341652393341, 0.25287261605262756, 0.26822853088378906, 0.24758827686309814, 0.3474128842353821, 0.2353019416332245, 0.2741234004497528, 0.2371184378862381, 0.2710999548435211, 0.21531657874584198, 0.214803546667099, 0.24168908596038818, 0.26316478848457336, 0.35917216539382935, 0.25867176055908203, 0.24020515382289886, 0.2201749086380005, 0.20051360130310059, 0.3289104700088501, 0.24415592849254608, 0.309904545545578, 0.21387115120887756, 0.30722343921661377, 0.21961268782615662, 0.2356397956609726, 0.22210225462913513, 0.23501288890838623, 0.2474285066127777, 0.2098473608493805, 0.19710014760494232, 0.23063114285469055, 0.19809231162071228, 0.23537567257881165, 0.2106851488351822, 0.23333044350147247, 0.20624086260795593, 0.19657786190509796, 0.21258708834648132, 0.20960301160812378, 0.19926200807094574, 0.22787491977214813, 0.23475264012813568, 0.2415255755186081, 0.1826053261756897, 0.23340405523777008, 0.21849410235881805, 0.20552489161491394, 0.21219810843467712, 0.17849105596542358, 0.1862204372882843, 0.20992644131183624, 0.22637668251991272, 0.20601660013198853, 0.22944003343582153, 0.21970193088054657, 0.19273929297924042, 0.21296681463718414, 0.20588715374469757, 0.21390357613563538, 0.214090958237648, 0.20800645649433136, 0.18728305399417877, 0.19067144393920898, 0.19364526867866516, 0.18909522891044617, 0.222919762134552, 0.20798027515411377, 0.18650378286838531, 0.19941574335098267]}