{"loss": [3.2646427154541016, 1.9385286569595337, 1.2493013143539429, 0.8554118275642395, 0.6202859878540039, 0.49395981431007385, 0.40390709042549133, 0.34811511635780334, 0.3020649254322052, 0.27260127663612366, 0.2581275701522827, 0.25130078196525574, 0.24320882558822632, 0.22924010455608368, 0.23261506855487823, 0.21836945414543152, 0.21548396348953247, 0.21857072412967682, 0.21049250662326813, 0.2089920938014984, 0.20384934544563293, 0.2131025493144989, 0.20443183183670044, 0.2023007869720459, 0.20026808977127075, 0.19617228209972382, 0.19666965305805206, 0.19699865579605103, 0.20534169673919678, 0.20378676056861877, 0.1958499550819397, 0.19993865489959717, 0.1856609582901001, 0.19032296538352966, 0.1950390785932541, 0.19180907309055328, 0.1860620081424713, 0.19122977554798126, 0.19343316555023193, 0.1866597831249237, 0.18834906816482544, 0.18112586438655853], "val_loss": [2.297053098678589, 1.5836670398712158, 1.0516571998596191, 0.7493661642074585, 0.5429158806800842, 0.4610050916671753, 0.3856680393218994, 0.31763577461242676, 0.34567391872406006, 0.2639790177345276, 0.25312933325767517, 0.24452738463878632, 0.2886923551559448, 0.24303044378757477, 0.226217120885849, 0.24521565437316895, 0.23755215108394623, 0.28791898488998413, 0.26440271735191345, 0.2654713988304138, 0.22702376544475555, 0.20716863870620728, 0.2716616690158844, 0.238162100315094, 0.21568170189857483, 0.2541504502296448, 0.2325686514377594, 0.2269020676612854, 0.28068122267723083, 0.22720570862293243, 0.28100982308387756, 0.26494333148002625, 0.28814107179641724, 0.21954575181007385, 0.26073116064071655, 0.26915204524993896, 0.27144983410835266, 0.2166135013103485, 0.2481233924627304, 0.24379903078079224, 0.32164642214775085, 0.22701121866703033]}